1.000000000000000000e+00,2.249278489843329915e-03,-9.020321800884120478e+01,9.940776669444469915e-01,-4.408285482115480214e+00
1.639999999999999902e+00,3.735420914210940170e-03,-9.339166861746049619e+01,9.916959202727939626e-01,-7.075876439292789755e+00
2.279999999999999805e+00,5.233253197017369643e-03,-9.635069195312250656e+01,9.896353679212369636e-01,-9.715894500861940841e+00
2.919999999999999929e+00,6.730350536698489865e-03,-9.920898226064720404e+01,9.877573269712249804e-01,-1.233646884417739997e+01
3.560000000000000053e+00,8.220361815486999790e-03,-1.020045861778110066e+02,9.860265844498760091e-01,-1.494288960866849969e+01
4.200000000000000178e+00,9.698753997588320172e-03,-1.047571462703500060e+02,9.844152499039899862e-01,-1.753891168280500068e+01
4.839999999999999858e+00,1.116177880543730086e-02,-1.074775686533759966e+02,9.828994091703320279e-01,-2.012691922872360095e+01
5.480000000000000426e+00,1.260620050236820056e-02,-1.101723867455809938e+02,9.814610776628299726e-01,-2.270842887149660072e+01
6.120000000000000107e+00,1.402915796246289974e-02,-1.128459282714199929e+02,9.800874333998870203e-01,-2.528447287212830119e+01
6.759999999999999787e+00,1.542806420819630049e-02,-1.155013251267250070e+02,9.787692440099100555e-01,-2.785581096121969935e+01
7.400000000000000355e+00,1.680053388258090016e-02,-1.181409828038959944e+02,9.774995797000359810e-01,-3.042303530635160058e+01
8.039999999999999147e+00,1.814433458893769877e-02,-1.207668133318340011e+02,9.762729916605259461e-01,-3.298662285823070306e+01
8.679999999999999716e+00,1.945735623562699912e-02,-1.233803652174580066e+02,9.750850383593619997e-01,-3.554696435191470272e+01
9.320000000000000284e+00,2.073759268343739956e-02,-1.259829060533059959e+02,9.739320178145559614e-01,-3.810438311844659864e+01
9.960000000000000853e+00,2.198313127716660167e-02,-1.285754808189809921e+02,9.728108080701980409e-01,-4.065914897346780066e+01
1.059999999999999964e+01,2.319214721450999980e-02,-1.311589557600200067e+02,9.717187611380769807e-01,-4.321148914673170083e+01
1.124000000000000021e+01,2.436290078473269879e-02,-1.337340524971380091e+02,9.706536235447840166e-01,-4.576159701382370315e+01
1.188000000000000078e+01,2.549373625856839881e-02,-1.363013748976210024e+02,9.696134716793189945e-01,-4.830963902193830251e+01
1.251999999999999957e+01,2.658308169838769983e-02,-1.388614303223500031e+02,9.685966572364610450e-01,-5.085576011094079973e+01
1.316000000000000014e+01,2.762944926369989909e-02,-1.414146464099619891e+02,9.676017609393170460e-01,-5.340008790775719660e+01
1.380000000000000071e+01,2.863143577432730041e-02,-1.439613842954329925e+02,9.666275536549170377e-01,-5.594273595045640235e+01
1.443999999999999950e+01,2.958772340552020055e-02,-1.465019489791249896e+02,9.656729641728919455e-01,-5.848380616621920325e+01
1.508000000000000007e+01,3.049708045409440030e-02,-1.490365974248830128e+02,9.647370528506780119e-01,-6.102339078866589972e+01
1.572000000000000064e+01,3.135836215024630225e-02,-1.515655448561080050e+02,9.638189902596120406e-01,-6.356157386082890071e+01
1.635999999999999943e+01,3.217051150723179709e-02,-1.540889696297149953e+02,9.629180399588550543e-01,-6.609843243464349882e+01
1.700000000000000000e+01,3.293256020759970093e-02,-1.566070169950810111e+02,9.620335445782149941e-01,-6.863403754822989811e+01
1.764000000000000057e+01,3.364362952459890033e-02,-1.591198019854930124e+02,9.611649144863100291e-01,-7.116845503886040092e+01
1.828000000000000114e+01,3.430293127357700311e-02,-1.616274116407180088e+02,9.603116184353419627e-01,-7.370174623186430551e+01
1.892000000000000171e+01,3.490976878252789739e-02,-1.641299067190450103e+02,9.594731756910710452e-01,-7.623396853289040109e+01
1.955999999999999872e+01,3.546353786466400343e-02,-1.666273230238849976e+02,9.586491492657249758e-01,-7.876517594194079663e+01
2.019999999999999929e+01,3.596372776983380176e-02,-1.691196724422520106e+02,9.578391399667179895e-01,-8.129541950146949603e+01
2.083999999999999986e+01,3.640992208633549859e-02,-1.716069437692250119e+02,9.570427810531809687e-01,-8.382474768682169497e+01
2.148000000000000043e+01,3.680179956057749724e-02,-1.740891033727810111e+02,9.562597333555500345e-01,-8.635320674476530201e+01
2.212000000000000099e+01,3.713913479933850237e-02,-1.765660957365990100e+02,9.554896807623729504e-01,-8.888084098434710256e+01
2.276000000000000156e+01,3.742179881820550252e-02,-1.790378439039629939e+02,9.547323260150799573e-01,-9.140769302345769631e+01
2.339999999999999858e+01,3.764975940015159728e-02,1.784957501667180111e+02,9.539873867779760097e-01,-9.393380399406140668e+01
2.403999999999999915e+01,3.782308123011930007e-02,1.760348053352749957e+02,9.532545919690950109e-01,-9.645921370887110413e+01
2.467999999999999972e+01,3.794192577478269768e-02,1.735794611123949949e+02,9.525336783498280502e-01,-9.898396079221110710e+01
2.532000000000000028e+01,3.800655088123130326e-02,1.711298776106660000e+02,9.518243873787459730e-01,-1.015080827778409969e+02
2.596000000000000085e+01,3.801731007393319844e-02,1.686862356413489863e+02,9.511264623391050277e-01,-1.040316161765649952e+02
2.660000000000000142e+01,3.797465153578209740e-02,1.662487369917460001e+02,9.504396457512119811e-01,-1.065545965165009932e+02
2.723999999999999844e+01,3.787911676605010269e-02,1.638176049253490021e+02,9.497636770806510143e-01,-1.090770583589080047e+02
2.787999999999999901e+01,3.773133891539560275e-02,1.613930849542259978e+02,9.490982907522339529e-01,-1.115990352924980016e+02
2.851999999999999957e+01,3.753204080546840293e-02,1.589754459406429987e+02,9.484432144775030160e-01,-1.141205599091109946e+02
2.916000000000000014e+01,3.728203264783980231e-02,1.565649815930700015e+02,9.477981679012309479e-01,-1.166416637636490066e+02
2.980000000000000071e+01,3.698220948376500228e-02,1.541620124308510071e+02,9.471628615697520459e-01,-1.191623773210489929e+02
3.044000000000000128e+01,3.663354837243060214e-02,1.517668883024639968e+02,9.465369962211529486e-01,-1.216827298930670054e+02
3.107999999999999829e+01,3.623710536071309690e-02,1.493799915549880097e+02,9.459202623946819655e-01,-1.242027495675319955e+02
3.171999999999999886e+01,3.579401227192890306e-02,1.470017409679869900e+02,9.453123403539309688e-01,-1.267224631326510007e+02
3.235999999999999943e+01,3.530547335452820235e-02,1.446325965842829930e+02,9.447129003157279659e-01,-1.292418959988609970e+02
3.300000000000000000e+01,3.477276183413109678e-02,1.422730655943919942e+02,9.441216029740959748e-01,-1.317610721206079916e+02
3.364000000000000057e+01,3.419721641373339727e-02,1.399237094621429947e+02,9.435381003059819527e-01,-1.342800139203610001e+02
3.428000000000000114e+01,3.358023776738779803e-02,1.375851525181900001e+02,9.429620366430749856e-01,-1.367987422170299965e+02
3.492000000000000171e+01,3.292328507227149786e-02,1.352580922984369920e+02,9.423930499914310310e-01,-1.393172761608740018e+02
3.556000000000000227e+01,3.222787262293139859e-02,1.329433119691389891e+02,9.418307735781950019e-01,-1.418356331768580105e+02
3.620000000000000284e+01,3.149556656980669750e-02,1.306416952644109983e+02,9.412748376021770058e-01,-1.443538289182909864e+02
3.684000000000000341e+01,3.072798182204549908e-02,1.283542444711839892e+02,9.407248711624970339e-01,-1.468718772324710073e+02
3.747999999999999687e+01,2.992677915235069860e-02,1.260821021400870023e+02,9.401805043369499959e-01,-1.493897901398970021e+02
3.811999999999999744e+01,2.909366253928710039e-02,1.238265773902789988e+02,9.396413703791169914e-01,-1.519075778284569935e+02
3.875999999999999801e+01,2.823037678030049930e-02,1.215891779291229966e+02,9.391071080005910510e-01,-1.544252486638469861e+02
3.939999999999999858e+01,2.733870540673339830e-02,1.193716492486069995e+02,9.385773637020119464e-01,-1.569428092172570075e+02
4.003999999999999915e+01,2.642046893042099970e-02,1.171760229265519939e+02,9.380517941139649984e-01,-1.594602643111429927e+02
4.067999999999999972e+01,2.547752345015839859e-02,1.150046766083739982e+02,9.375300683062259832e-01,-1.619776170836609879e+02
4.132000000000000028e+01,2.451175964628310097e-02,1.128604091637130011e+02,9.370118700213749818e-01,-1.644948690720370053e+02
4.196000000000000085e+01,2.352510219626249843e-02,1.107465358476769950e+02,9.364968997866800482e-01,-1.670120203147930056e+02
4.260000000000000142e+01,2.251950966531210060e-02,1.086670102954510071e+02,9.359848768563749921e-01,-1.695290694724089917e+02
4.324000000000000199e+01,2.149697499982130069e-02,1.066265832647819991e+02,9.354755409352489837e-01,-1.720460139655000091e+02
4.388000000000000256e+01,2.045952697931140152e-02,1.046310129235260007e+02,9.349686536342050047e-01,-1.745628501291440102e+02
4.452000000000000313e+01,1.940923362472980057e-02,1.026873492143469946e+02,9.344639996091079759e-01,-1.770795733814059929e+02
4.515999999999999659e+01,1.834821018585090086e-02,1.008043263610280036e+02,9.339613873365729679e-01,-1.795961784034950028e+02
4.579999999999999716e+01,1.727863778368700018e-02,9.899291122450489411e+01,9.334606494843199487e-01,1.778873406716600130e+02
4.643999999999999773e+01,1.620280369551229879e-02,9.726705946018189763e+01,9.329616428402299766e-01,1.753709900663590133e+02
4.707999999999999829e+01,1.512317321511789936e-02,9.564469965351000269e+01,9.324642477732819623e-01,1.728547761652320105e+02
4.771999999999999886e+01,1.404247575253269979e-02,9.414890590193610365e+01,9.319683672120530060e-01,1.703387053278439964e+02
4.835999999999999943e+01,1.296373582142209928e-02,9.280933551537519577e+01,9.314739251424849487e-01,1.678227837127710131e+02
4.900000000000000000e+01,1.189020888161010023e-02,9.166457591876300626e+01,9.309808646467729876e-01,1.653070171196270053e+02
4.964000000000000057e+01,1.082536100610530065e-02,9.076652626859430484e+01,9.304891455293119451e-01,1.627914108558200041e+02
5.028000000000000114e+01,9.773083163244340038e-03,9.018755473567739500e+01,9.299987416037139853e-01,1.602759696348080070e+02
5.092000000000000171e+01,8.738134866261250064e-03,9.003115819318780666e+01,9.295096377462109816e-01,1.577606975122500046e+02
5.156000000000000227e+01,7.726766057377709718e-03,9.044836497876559633e+01,9.290218268539659485e-01,1.552455978655129911e+02
5.220000000000000284e+01,6.747663993309130359e-03,9.166413806037330403e+01,9.285353068802399967e-01,1.527306734204819918e+02
5.284000000000000341e+01,5.813602634048320103e-03,9.401946086643160072e+01,9.280500781490369500e-01,1.502159263274120065e+02
5.347999999999999687e+01,4.944429302462280233e-03,9.803202761577979629e+01,9.275661411765190323e-01,1.477013582845559938e+02
5.411999999999999744e+01,4.172239644403399894e-03,1.044526421304530004e+02,9.270834952408539831e-01,1.451869707046529925e+02
5.475999999999999801e+01,3.548595137302420176e-03,1.141820313282690051e+02,9.266021379417239690e-01,1.426727649150130048e+02
5.539999999999999858e+01,3.146822942836900207e-03,1.276517873497899984e+02,9.261220659709770153e-01,1.401587423772220120e+02
5.603999999999999915e+01,3.037273996128520004e-03,1.434918425603179912e+02,9.256432772729560332e-01,1.376449049076960023e+02
5.667999999999999972e+01,3.230478813586859944e-03,1.584380213787719924e+02,9.251657747046929670e-01,1.351312548758569960e+02
5.732000000000000028e+01,3.660690303891930147e-03,1.700104312133620112e+02,9.246895712121729893e-01,1.326177953531799858e+02
5.796000000000000085e+01,4.239685101384660197e-03,1.779374385136979981e+02,9.242146964227140327e-01,1.301045301843280129e+02
5.860000000000000142e+01,4.899658803158699581e-03,-1.769762799765269961e+02,9.237412044211720241e-01,1.275914639515870022e+02
5.924000000000000199e+01,5.597939892293160059e-03,-1.738764048125570127e+02,9.232691823403860187e-01,1.250786018062979963e+02
5.988000000000000256e+01,6.308844206238489911e-03,-1.721360285752120092e+02,9.227987592662040273e-01,1.225659491461949955e+02
6.052000000000000313e+01,7.016571831843770174e-03,-1.713367692847010062e+02,9.223301148504420288e-01,1.200535111253680043e+02
6.115999999999999659e+01,7.710946000866909615e-03,-1.712035381463470003e+02,9.218634869548739674e-01,1.175412919936390068e+02
6.179999999999999716e+01,8.385063866131950774e-03,-1.715530644104690055e+02,9.213991776289599533e-01,1.150292942735879933e+02
6.243999999999999773e+01,9.034006355026219168e-03,-1.722604315999649884e+02,9.209375567596530532e-01,1.125175177953980068e+02
6.307999999999999829e+01,9.654113269319709520e-03,-1.732383108987870060e+02,9.204790628251070528e-01,1.100059586207530060e+02
6.371999999999999886e+01,1.024256333107270017e-02,-1.744240951702149971e+02,9.200242003283799486e-01,1.074946078961539939e+02
6.435999999999999943e+01,1.079712326709570021e-02,-1.757718089838440108e+02,9.195735336695569639e-01,1.049834506821659943e+02
6.500000000000000000e+01,1.131599362732210040e-02,-1.772469147505699993e+02,9.191276774171750485e-01,1.024724648076250020e+02
