"Freq [GHz]","dB(St(Feed_thick_T1,Feed_thick_T1)) []"
0.1,-0.000235776423271729
0.19975,-0.00048211864879104
0.2995,-0.000746919877578128
0.39925,-0.00103453990661269
0.499,-0.00134810271614008
0.59875,-0.001690656843499
0.6985,-0.00206534152141792
0.79825,-0.00247530679830659
0.898,-0.00292364485108265
0.99775,-0.00341336907611598
1.0975,-0.00394742194957541
1.19725,-0.00452869533332519
1.297,-0.0051600522164448
1.39675,-0.00584434474698999
1.4965,-0.006584426646355
1.59625,-0.00738316013109003
1.696,-0.00824341729947573
1.79575,-0.00916807686878236
1.8955,-0.0101600167390614
1.99525,-0.0112221022413559
2.095,-0.0123571708349798
2.19475,-0.0135680126443173
2.2945,-0.0148573471935602
2.39425,-0.0162277958512367
2.494,-0.0176818500340128
2.59375,-0.0192218348407768
2.6935,-0.0208498681689572
2.79325,-0.0225678150834299
2.893,-0.0243772374689464
2.99275,-0.0262793395473366
3.0925,-0.0282749086919463
3.19225,-0.0303642533408095
3.292,-0.032547137668346
3.39175,-0.0348227144045803
3.4915,-0.037189456907013
3.59125,-0.0396450932633549
3.691,-0.0421865416234172
3.79075,-0.0448098515388805
3.8905,-0.0475101528418072
3.99025,-0.0502816135501799
4.09,-0.0531174108741877
4.18975,-0.0560097179359474
4.2895,-0.0589497075094923
4.38925,-0.0619275770865728
4.489,-0.0649325955181937
4.58875,-0.067953173726598
4.6885,-0.0709769597109769
4.78825,-0.0739909577689233
4.888,-0.0769816707211678
4.98775,-0.0799352626693358
5.0875,-0.0828377395867041
5.18725,-0.0856751428122988
5.287,-0.0884337507643509
5.38675,-0.0911002827052479
5.4865,-0.0936620989326692
5.58625,-0.0961073906430415
5.686,-0.0984253537862896
5.78575,-0.100606341401514
5.8855,-0.10264198992926
5.98525,-0.10452531600804
6.085,-0.106250781603361
6.18475,-0.107814326612638
6.2845,-0.109213369397733
6.38425,-0.110446776993995
6.484,-0.111514807769255
6.58375,-0.112419030127267
6.6835,-0.113162221573767
6.78325,-0.113748252615594
6.883,-0.114181960206982
6.98275,-0.114469015301425
7.0825,-0.114615788391687
7.18225,-0.114629217260719
7.282,-0.114516679367364
7.38175,-0.114285871942703
7.4815,-0.113944701240493
7.58125,-0.113501182229827
7.681,-0.112963349614746
7.78075,-0.112339179904217
7.8805,-0.111636524976302
7.98025,-0.110863055883312
8.08,-0.110026216600017
8.17975,-0.109133186737033
8.2795,-0.108190852200127
8.37925,-0.107205782668334
8.479,-0.106184214906912
8.57875,-0.105132041417625
8.6785,-0.1040548028509
8.77825,-0.102957683953063
8.878,-0.101845512285574
8.97775,-0.10072275928185
9.0775,-0.0995935431928947
9.17725,-0.0984616341508454
9.277,-0.0973304607198362
9.37675,-0.0962031185517317
9.4765,-0.095082381176718
9.57625,-0.0939707129164873
9.676,-0.0928702837022566
9.77575,-0.0917829866483175
9.8755,-0.0907104570005942
9.97525,-0.0896540928402063
10.075,-0.0886150767101549
10.17475,-0.0875943974907155
10.2745,-0.0865928721262843
10.37425,-0.0856111661212058
10.474,-0.0846498129648706
10.57375,-0.083709231644359
10.6735,-0.0827897422289076
10.77325,-0.0818915795674185
10.873,-0.0810149050066712
10.97275,-0.0801598164801247
11.0725,-0.07932635704454
11.17225,-0.0785145221737321
11.272,-0.0777242659273425
11.37175,-0.0769555064049104
11.4715,-0.0762081303944174
11.57125,-0.0754819975493319
11.671,-0.0747769441785974
11.77075,-0.0740927866266681
11.8705,-0.0734293244224361
11.97025,-0.0727863431927726
12.07,-0.0721636174431197
12.16975,-0.0715609129213951
12.2695,-0.0709779892236515
12.36925,-0.070414601795813
12.469,-0.0698705041875843
12.56875,-0.0693454499078978
12.6685,-0.0688391943310583
12.76825,-0.0683514962759084
12.868,-0.0678821198045461
12.96775,-0.0674308355057294
13.0675,-0.0669974221051329
13.16725,-0.0665816675950849
13.267,-0.0661833706617786
13.36675,-0.0658023416764777
13.4665,-0.0654384039789663
13.56625,-0.0650913947802187
13.666,-0.0647611662808513
13.76575,-0.0644475865833742
13.8655,-0.0641505406485965
13.96525,-0.0638699311958396
14.065,-0.063605679594869
14.16475,-0.0633577267413025
14.2645,-0.0631260339234107
14.36425,-0.0629105836711463
14.464,-0.0627113806363261
14.56375,-0.0625284524273958
14.6635,-0.0623618505212303
14.76325,-0.0622116511112693
14.863,-0.0620779560367277
14.96275,-0.061960893697416
15.0625,-0.061860619986552
15.16225,-0.0617773192728077
15.262,-0.0617112053948603
15.36175,-0.0616625226920064
15.4615,-0.0616315470649243
15.56125,-0.0616185870936084
15.661,-0.0616239851607233
15.76075,-0.0616481186757235
15.8605,-0.061691401279665
15.96025,-0.0617542841717121
16.06,-0.061837257442106
16.15975,-0.061940851481052
16.2595,-0.062065638494202
16.35925,-0.062212234013495
16.459,-0.0623812985616752
16.55875,-0.0625735393266055
16.6585,-0.0627897120391498
16.75825,-0.0630306227628711
16.858,-0.0632971300211749
16.95775,-0.0635901468170395
17.0575,-0.0639106429267699
17.15725,-0.0642596472535503
17.257,-0.0646382503008311
17.35675,-0.0650476069322844
17.4565,-0.065488939128263
17.55625,-0.0659635390278584
17.656,-0.0664727721962523
17.75575,-0.0670180810641998
17.8555,-0.0676009886385237
17.95525,-0.0682231025390426
18.055,-0.0688861193266119
18.15475,-0.0695918291553859
18.2545,-0.0703421209783409
18.35425,-0.0711389880525224
18.454,-0.0719845340806388
18.55375,-0.0728809799363657
18.6535,-0.0738306710831439
18.75325,-0.0748360857837848
18.853,-0.0758998441328802
18.95275,-0.0770247183149023
19.0525,-0.0782136437151218
19.15225,-0.0794697316249988
19.252,-0.0807962832550032
19.35175,-0.0821968055396666
19.4515,-0.0836750287569446
19.55125,-0.0852349265631556
19.651,-0.0868807378976712
19.75075,-0.0886169924860458
19.8505,-0.0904485389711458
19.95025,-0.0923805765263462
20.05,-0.0944186908286241
20.14975,-0.0965688947363914
20.2495,-0.0988376737389554
20.34925,-0.101232038176154
20.449,-0.103759581485633
20.54875,-0.106428547385969
20.6485,-0.10924790522897
20.74825,-0.112227436516166
20.848,-0.115377832896118
20.94775,-0.118710809090217
21.0475,-0.122239230677042
21.14725,-0.12597726150815
21.247,-0.129940531772799
21.34675,-0.134146332042423
21.4465,-0.138613834751991
21.54625,-0.143364349444642
21.646,-0.148421616071064
21.74575,-0.153812142029871
21.8455,-0.159565589521224
21.94525,-0.165715220281096
22.045,-0.172298406083587
22.14475,-0.179357212446955
22.2445,-0.186939065841085
22.34425,-0.195097511950195
22.444,-0.203893073716223
22.54375,-0.213394214622031
22.6435,-0.223678409180257
22.74325,-0.234833315064024
22.843,-0.24695802982647
22.94275,-0.260164395667977
23.0425,-0.274578287519363
23.14225,-0.290340773307265
23.242,-0.307608971427267
23.34175,-0.3265563318057
23.4415,-0.347371930046874
23.54125,-0.370258172289508
23.641,-0.395426050535903
23.74075,-0.423086761139386
23.8405,-0.453438110781549
23.94025,-0.486643745133998
24.04,-0.522802961878188
24.13975,-0.561908977325045
24.2395,-0.603794424055871
24.33925,-0.648065200376315
24.439,-0.694028271528957
24.53875,-0.740626028812494
24.6385,-0.786398599585351
24.73825,-0.829503066631447
24.838,-0.867819014777154
24.93775,-0.89915593806567
25.0375,-0.921546404016878
25.13725,-0.933567093692737
25.237,-0.934598893173576
25.33675,-0.924941097842865
25.4365,-0.905740601333155
25.53625,-0.878763550998366
25.636,-0.846087856042213
25.73575,-0.809805803960088
25.8355,-0.77180022719052
25.93525,-0.733617455563147
26.035,-0.696427331070536
26.13475,-0.66104417608866
26.2345,-0.627980786516488
26.33425,-0.597513633728132
26.434,-0.569745612995244
26.53375,-0.544659590219124
26.6335,-0.522160660539688
26.73325,-0.502107633135639
26.833,-0.48433540830723
26.93275,-0.468670204371749
27.0325,-0.454939450941994
27.13225,-0.442977856993857
27.232,-0.432630823450842
27.33175,-0.423756069371208
27.4315,-0.416224095605076
27.53125,-0.409917922650095
27.631,-0.404732401345008
27.73075,-0.400573296748883
27.8305,-0.397356275960931
27.93025,-0.395005883449341
28.03,-0.393454555137066
28.12975,-0.39264170116409
28.2295,-0.392512873139597
28.32925,-0.393019023184329
28.429,-0.394115855620745
28.52875,-0.395763270081196
28.6285,-0.397924891536013
28.72825,-0.400567682775488
28.828,-0.403661633732886
28.92775,-0.407179522519145
29.0275,-0.411096742011859
29.12725,-0.415391187119843
29.227,-0.420043197215036
29.32675,-0.425035548626532
29.4265,-0.430353492359439
29.52625,-0.435984831795277
29.626,-0.441920037077201
29.72575,-0.448152391195445
29.8255,-0.454678164676704
29.92525,-0.461496816403795
30.025,-0.468611218031508
30.12475,-0.476027901329995
30.2245,-0.483757328352937
30.32425,-0.491814185817194
30.424,-0.500217706680119
30.52375,-0.508992022847651
30.6235,-0.518166555843478
30.72325,-0.527776452698319
30.823,-0.537863078591876
30.92275,-0.548474577803765
31.0225,-0.5596665194511
31.12225,-0.571502645940595
31.222,-0.584055747656345
31.32175,-0.59740868965713
31.4215,-0.611655623250695
31.52125,-0.626903421032287
31.621,-0.6432733814586
31.72075,-0.660903260627459
31.8205,-0.679949698844947
31.92025,-0.700591127391234
32.02,-0.723031259134514
32.11975,-0.747503292394605
32.2195,-0.774274988931947
32.31925,-0.803654828039898
32.419,-0.835999491183993
32.51875,-0.871722999723435
32.6185,-0.911307916409766
32.71825,-0.955319136908244
32.818,-1.00442094839612
32.91775,-1.059398231913
33.0175,-1.12118294981349
33.11725,-1.19088740990631
33.217,-1.26984627433344
33.31675,-1.35966991336678
33.4165,-1.46231257465197
33.51625,-1.58016002184893
33.616,-1.71614293777217
33.71575,-1.87388468144798
33.8155,-2.05789525156022
33.91525,-2.27382804773301
34.015,-2.52882310853649
34.11475,-2.83197152763844
34.2145,-3.1949537774898
34.31425,-3.63293600084108
34.414,-4.16586661487371
34.51375,-4.82043199846253
34.6135,-5.6331800549542
34.71325,-6.6558999424117
34.813,-7.96581378998618
34.91275,-9.68730726526667
35.0125,-12.04588255565
35.11225,-15.5346346083853
35.212,-21.6446718112392
35.31175,-30.8545029732439
35.4115,-19.930132849812
35.51125,-14.7283519088111
35.611,-11.6155596596738
35.71075,-9.47234295675527
35.8105,-7.89327171168947
35.91025,-6.68370079240251
36.01,-5.73343733796452
36.10975,-4.9732182161308
36.2095,-4.3563950972677
36.30925,-3.85004878315601
36.409,-3.43018184672331
36.50875,-3.07888577618599
36.6085,-2.78255722307572
36.70825,-2.53071677839474
36.808,-2.31519665623898
36.90775,-2.12956606656446
37.0075,-1.96871591803427
37.10725,-1.82855361172866
37.207,-1.70577569332508
37.30675,-1.59769657544961
37.4065,-1.50211823011178
37.50625,-1.41723017936584
37.606,-1.34153212366118
37.70575,-1.27377363800676
37.8055,-1.21290684237677
37.90525,-1.15804900901065
38.005,-1.10845283450098
38.10475,-1.06348266313765
38.2045,-1.02259536077722
38.30425,-0.985324844563052
38.404,-0.951269503450039
38.50375,-0.920081917120784
38.6035,-0.89146041248673
38.70325,-0.865142096477866
38.803,-0.84089708117951
38.90275,-0.818523676360571
39.0025,-0.797844370380999
39.10225,-0.778702457374416
39.202,-0.760959194670047
39.30175,-0.744491399249457
39.4015,-0.729189407455807
39.50125,-0.714955337319638
39.601,-0.701701603615245
39.70075,-0.689349644897818
39.8005,-0.677828828698122
39.90025,-0.667075507409576
40,-0.657032201602431
