1,-0.0357398286630354,-21.8306678369646
1.03,-0.0385121799159917,-21.505885533229
1.06,-0.0414435908494579,-21.186285946559
1.09,-0.0445427595200382,-20.8714402541158
1.12,-0.0478190029380429,-20.5609524758807
1.15,-0.051282308146073,-20.2544559272571
1.18,-0.0549433882002807,-19.9516101308142
1.21,-0.0588137435283157,-19.6520981186858
1.24,-0.0629057291890633,-19.3556240689815
1.27,-0.0672326286163451,-19.0619112291477
1.3,-0.071808734492686,-18.7707000870249
1.33,-0.0766494374705159,-18.4817467567411
1.36,-0.081771323537905,-18.1948215518504
1.39,-0.0871922809151182,-17.9097077224915
1.42,-0.0929316174678419,-17.6262003369781
1.45,-0.0990101897343357,-17.3441052912866
1.48,-0.105450544788132,-17.063238432478
1.51,-0.112277076297076,-16.783424784279
1.54,-0.119516196294779,-16.5044978649175
1.57,-0.127196524354072,-16.2262990889218
1.6,-0.135349096045897,-15.9486772459962
1.63,-0.144007592782996,-15.6714880513197
1.66,-0.153208595389048,-15.3945937627108
1.69,-0.162991864002117,-15.1178628610864
1.72,-0.173400647220379,-14.8411697915401
1.75,-0.184482023729989,-14.5643947631933
1.78,-0.196287280023575,-14.2874236067503
1.81,-0.208872328226054,-14.0101476894216
1.84,-0.22229816849545,-13.7324638875957
1.87,-0.236631400963433,-13.4542746183239
1.9,-0.251944792726345,-13.1754879313711
1.93,-0.26831790599448,-12.8960176642601
1.96,-0.285837794157969,-12.6157836634142
1.99,-0.304599773231279,-12.3347120751812
2.02,-0.324708276895192,-12.0527357112003
2.05,-0.346277804161354,-11.7697944932431
2.08,-0.369433969534715,-11.4858359833198
2.11,-0.394314666433021,-11.2008160054674
2.14,-0.421071355525812,-10.9146993662195
2.17,-0.449870490556493,-10.6274606812522
2.2,-0.480895095080957,-10.3390853160854
2.23,-0.514346504355635,-10.0495704489305
2.26,-0.550446287285473,-9.75892626374628
2.29,-0.589438363832002,-9.46717728122053
2.32,-0.631591333500726,-9.17436383461682
2.35,-0.677201030372914,-8.88054369608723
2.38,-0.726593319496758,-8.58579385699914
2.41,-0.780127148161825,-8.29021246285833
2.44,-0.838197863483308,-7.99392089932117
2.47,-0.901240804639037,-7.6970660203226
2.5,-0.969735173843233,-7.39982250223338
2.53,-1.04420818453036,-7.10239529891681
2.56,-1.12523947811541,-6.80502216130649
2.59,-1.21346579202384,-6.50797617143504
2.62,-1.30958585150321,-6.21156822455566
2.65,-1.41436544629759,-5.91614937410188
2.68,-1.52864264114486,-5.6221129329381
2.71,-1.65333305722494,-5.32989620119312
2.74,-1.78943515168975,-5.03998166690236
2.77,-1.93803541651734,-4.75289750221517
2.8,-2.10031341932154,-4.4692171572074
2.83,-2.2775466216343,-4.18955783823765
2.86,-2.47111493994442,-3.91457765186254
2.89,-2.68250506801426,-3.64497120270293
2.92,-2.91331466347059,-3.38146345870129
2.95,-3.16525662617206,-3.12480174404701
2.98,-3.44016387006513,-2.87574579176848
3.01,-3.73999522462352,-2.63505588578918
3.04,-4.06684340809923,-2.40347924436201
3.07,-4.42294640650047,-2.1817349376791
3.1,-4.81070408811514,-1.97049778220352
3.13,-5.23270251223429,-1.77038179881437
3.16,-5.69174920051457,-1.58192394398472
3.19,-6.19092371317601,-1.40556890462001
3.22,-6.73364935412258,-1.24165577134504
3.25,-7.32379396826588,-1.09040736043943
3.28,-7.96581102088416,-0.951922837744186
3.31,-8.66493721059979,-0.826174114935624
3.34,-9.42747108907638,-0.713006255691001
3.37,-10.2611709567816,-0.612141870475282
3.4,-11.1758342494332,-0.52318922224249
3.43,-12.184163798105,-0.445653539151939
3.46,-13.3031077352627,-0.378950857394339
3.49,-14.5560217798303,-0.322423611973275
3.52,-15.9763468270978,-0.275357160379615
3.55,-17.614287969198,-0.236996458524275
3.58,-19.5500046794792,-0.206562197517599
3.61,-21.9227058820359,-0.183265836862601
3.64,-25.0053706545306,-0.166323116060098
3.67,-29.4421531416293,-0.154965775694585
3.7,-37.0519000094827,-0.148451357340669
3.73,-37.4471961013394,-0.146071069926603
3.76,-30.3005087775226,-0.147155803622493
3.79,-26.3590110428483,-0.151080439682154
3.82,-23.7836339820876,-0.157266647521976
3.85,-21.9206881682511,-0.165184381995093
3.88,-20.4935863124332,-0.174352298512956
3.91,-19.3612426753674,-0.184337295740244
3.94,-18.4422948508976,-0.194753379089483
3.97,-17.6856803871115,-0.205260016621857
4,-17.0573314204159,-0.215560134968056
4.03,-16.5334555906369,-0.22539787856095
4.06,-16.0968485888458,-0.234556232231394
4.09,-15.7347350580844,-0.24285458594538
4.12,-15.43743738894,-0.250146301630403
4.15,-15.1975199452007,-0.256316325826599
4.18,-15.0092199456747,-0.261278878272993
4.21,-14.8680585623159,-0.264975235339289
4.24,-14.7705696000748,-0.267371618205561
4.27,-14.7141075810269,-0.268457188611305
4.3,-14.6967113054709,-0.268242149575292
4.33,-14.7170076021805,-0.266755944477593
4.36,-14.7741454328488,-0.26404554507026
4.39,-14.8677541194218,-0.260173817148958
4.42,-14.9979219919853,-0.255217951610839
4.45,-15.1651936867905,-0.249267948309496
4.48,-15.3705859837538,-0.242425140386657
4.51,-15.6156237190402,-0.234800747524665
4.54,-15.9023991967957,-0.226514447751187
4.57,-16.2336609695105,-0.217692958978258
4.6,-16.6129413160966,-0.208468623317289
4.63,-17.0447369571792,-0.19897798932938
4.66,-17.534765776169,-0.189360389693344
4.69,-18.0903358561927,-0.179756514246072
4.72,-18.7208863423884,-0.170306980908092
4.75,-19.4388011370614,-0.161150909581387
4.78,-20.2606743750437,-0.152424506618779
4.81,-21.2093616031394,-0.144259669830436
4.84,-22.3174805941121,-0.136782626125249
4.87,-23.6337903638217,-0.130112615693831
4.9,-25.2358495811069,-0.124360638040716
4.93,-27.2582240269365,-0.1196282760892
4.96,-29.9668635601056,-0.116006614950126
4.99,-34.0168659878133,-0.113575271722062
5.02,-42.038732710954,-0.11240155185353
5.05,-47.4187541212176,-0.112539746154803
5.08,-35.6462271935521,-0.114030580530735
5.11,-30.8017463774211,-0.116900827980811
5.14,-27.7029451937291,-0.121163089466094
5.17,-25.4239461541037,-0.12681574698727
5.2,-23.6252321439362,-0.133843088780477
5.23,-22.1438500999534,-0.142215603056383
5.26,-20.8888615193455,-0.151890433320825
5.29,-19.8042848830815,-0.162811985156029
5.32,-18.8531791770164,-0.174912671527497
5.35,-18.0098672946611,-0.188113781312346
5.38,-17.2557646048649,-0.202326453893133
5.41,-16.5769764591824,-0.217452741372432
5.44,-15.962834670845,-0.233386739254495
5.47,-15.4049645507281,-0.25001576630001
5.5,-14.8966674041794,-0.267221574652155
5.53,-14.4324987223746,-0.284881572200367
5.56,-14.0079722059505,-0.302870040419651
5.59,-13.6193472261745,-0.32105933251528
5.62,-13.2634731073417,-0.339321038527397
5.65,-12.9376730186127,-0.357527106020089
5.68,-12.6396560525434,-0.375550907011384
5.71,-12.367449733745,-0.39326824381917
5.74,-12.1193475822813,-0.410558288438173
5.77,-11.8938679383582,-0.427304451871284
5.8,-11.6897213274883,-0.443395181473585
5.83,-11.5057843862013,-0.458724685800511
5.86,-11.3410788888483,-0.473193587664367
5.89,-11.194754787442,-0.486709507088645
5.92,-11.0660764453619,-0.499187576607836
5.95,-10.9544114431292,-0.510550891899099
5.98,-10.8592214812715,-0.520730901064884
6.01,-10.7800550159744,-0.529667736029244
6.04,-10.7165413478068,-0.537310489484231
6.07,-10.6683859494559,-0.543617440648601
6.1,-10.6353668702605,-0.548556232799851
6.13,-10.6173320971803,-0.552104005135107
6.16,-10.6141977865259,-0.554247481027236
6.19,-10.6259473105213,-0.55498301419159
6.22,-10.6526310893584,-0.554316593685734
6.25,-10.6943672043556,-0.552263808049143
6.28,-10.7513428125441,-0.548849768272143
6.31,-10.8238164088426,-0.544108988681491
6.34,-10.9121210104043,-0.538085224264393
6.37,-11.0166683704036,-0.530831262441586
6.4,-11.1379543675087,-0.52240866686415
6.43,-11.2765657651385,-0.512887470467377
6.46,-11.4331885947313,-0.502345814789098
6.49,-11.6086184942349,-0.490869532468954
6.52,-11.8037734331673,-0.478551669909329
6.55,-12.0197093877199,-0.465491947316567
6.58,-12.2576397060395,-0.451796153767893
6.61,-12.5189591431746,-0.437575475579459
6.64,-12.8052738738426,-0.422945757091181
6.67,-13.1184392488941,-0.408026694037834
6.7,-13.4606077084637,-0.392940960937738
6.73,-13.8342901946097,-0.377813275386591
6.76,-14.2424357661022,-0.362769403770752
6.79,-14.6885361457221,-0.34793511467734
6.82,-15.1767650193765,-0.333435088130883
6.85,-15.7121667251348,-0.319391790673499
6.88,-16.3009166902444,-0.305924328157372
6.91,-16.95068871805,-0.293147289864607
6.94,-17.6711859921568,-0.281169599125542
6.97,-18.4749313177734,-0.270093386895078
7,-19.3784839366887,-0.26001290568479
7.03,-20.4043909530032,-0.251013501768543
7.06,-21.5844750026193,-0.243170663618575
7.09,-22.9657209328338,-0.236549164048514
7.12,-24.6216592374504,-0.231202312516932
7.15,-26.6766893413348,-0.227171332483857
7.18,-29.3654043093893,-0.224484876643714
7.21,-33.2037246970575,-0.223158690335298
7.24,-39.4558733618631,-0.223195430533681
7.27,-42.1705435458477,-0.224584644659707
7.3,-35.0186222793624,-0.227302910116013
7.33,-30.6172341676445,-0.231314132097938
7.36,-27.6774101407564,-0.236569993960737
7.39,-25.498584517949,-0.243010551370728
7.42,-23.7808050278245,-0.250564958737375
7.45,-22.3722121306365,-0.259152314105159
7.48,-21.1859274666733,-0.268682606847694
7.51,-20.1677522033421,-0.279057751193827
7.54,-19.2816489108929,-0.290172687843182
7.57,-18.5024608245677,-0.30191653568865
7.6,-17.8119417466589,-0.314173775922412
7.63,-17.196444249698,-0.326825451510591
7.66,-16.6455005780074,-0.339750366111957
7.69,-16.1509130386995,-0.352826267913023
7.72,-15.7061495813594,-0.365931005473312
7.75,-15.3059297776266,-0.378943644439269
7.78,-14.9459337820992,-0.391745535814291
7.81,-14.6225931479306,-0.404221328294424
7.84,-14.3329375737101,-0.416259918931649
7.87,-14.0744807684102,-0.427755338017169
7.9,-13.8451342539769,-0.438607565545303
7.93,-13.6431415061179,-0.448723277894374
7.96,-13.4670271679645,-0.458016524426005
7.99,-13.3155576276428,-0.466409334548621
8.02,-13.1877103106208,-0.473832256414487
8.05,-13.082649773993,-0.480224828828137
8.08,-12.9997092116194,-0.485535988149643
8.11,-12.938376356503,-0.489724411996035
8.14,-12.8982830462681,-0.492758801397009
8.17,-12.8791979303974,-0.494618102771255
8.2,-12.8810219657351,-0.495291670679748
8.23,-12.9037864854195,-0.494779371809459
8.26,-12.9476537478411,-0.493091630071168
8.29,-13.0129199863386,-0.490249412086291
8.32,-13.1000210961393,-0.486284151718411
8.35,-13.20954122173,-0.481237611705177
8.38,-13.3422246559713,-0.475161679895134
8.41,-13.4989916450399,-0.468118097123213
8.44,-13.680958928475,-0.460178113400073
8.47,-13.8894661561761,-0.451422068874589
8.5,-14.1261097505218,-0.441938895989323
8.53,-14.3927863762757,-0.431825539413349
8.56,-14.6917490269336,-0.421186290735025
8.59,-15.025679964274,-0.410132035552345
8.62,-15.3977865675625,-0.398779411527681
8.65,-15.8119289045915,-0.387249877188779
8.68,-16.2727921104659,-0.375668692757906
8.71,-16.7861234649203,-0.364163816065096
8.74,-17.3590652190652,-0.352864718624078
8.77,-18.0006331490779,-0.341901129178952
8.8,-18.7224241697406,-0.331401714409461
8.83,-19.5396978045447,-0.321492708938279
8.86,-20.4730956639016,-0.312296509226478
8.89,-21.5515098374403,-0.303930248271512
8.92,-22.8171617136424,-0.296504370125021
8.95,-24.3353042903526,-0.290121225010998
8.98,-26.2147130334229,-0.284873707136646
9.01,-28.6574266297703,-0.2808439580472
9.04,-32.1073400060734,-0.278102158496118
9.07,-37.8735845885408,-0.276705431224935
9.1,-48.4628912864686,-0.276696875742871
9.13,-37.586573746885,-0.278104754171739
9.16,-31.9033534875132,-0.28094184452299
9.19,-28.4628680652173,-0.285204974483994
9.22,-26.0087089029946,-0.290874745029888
9.25,-24.1096178569848,-0.297915449095305
9.28,-22.5680636544639,-0.306275186309473
9.31,-21.2773295459849,-0.315886170602884
9.34,-20.1732837600361,-0.32666522352178
9.37,-19.2144076128474,-0.338514442516356
9.4,-18.3723051765598,-0.351322030460333
9.43,-17.626723084626,-0.364963270348595
9.46,-16.9627333067196,-0.379301627610101
9.49,-16.3690430972508,-0.394189961834196
9.52,-15.8369323846477,-0.409471829979048
9.55,-15.3595597614712,-0.42498286431768
9.58,-14.9314950243223,-0.440552210463339
9.61,-14.5483964833202,-0.456004013772071
9.64,-14.2067840437637,-0.471158946203783
9.67,-13.9038777203193,-0.485835770298793
9.7,-13.6374822985845,-0.499852942268752
9.73,-13.4059056582541,-0.513030262303685
9.76,-13.2079026142056,-0.52519058708456
9.79,-13.0426390237658,-0.536161627221109
9.82,-12.909672939862,-0.545777861005672
9.85,-12.8089511254983,-0.553882605625019
9.88,-12.7408205298691,-0.560330297984717
9.91,-12.706055547745,-0.564989049792512
9.94,-12.7059032142775,-0.567743555762754
9.97,-12.7421501236667,-0.568498449993073
10,-12.8172170685843,-0.567182223950286
10.03,-12.9342905834313,-0.563751840228466
10.06,-13.0975054028287,-0.558198199278844
10.09,-13.3121994625253,-0.550552641342187
10.12,-13.5852755338894,-0.540894692020095
10.15,-13.9257247625874,-0.529361285716576
10.18,-14.3454048711845,-0.516157723789237
10.21,-14.8602352803014,-0.50157063916041
10.24,-15.4921073246463,-0.48598323934887
10.27,-16.2720910367749,-0.469893074972841
10.3,-17.2461576756162,-0.453932515811378
10.33,-18.4862161067001,-0.438891990975021
10.36,-20.1136724350582,-0.425745836797274
10.39,-22.3571338107805,-0.415680262890608
10.42,-25.7231378743558,-0.410122457111077
10.45,-31.5832687450853,-0.410769170657872
10.48,-35.5393633215172,-0.419612237692342
10.51,-27.1981798520923,-0.438957409363094
10.54,-22.1462206756821,-0.471431707679983
10.57,-18.7218182998043,-0.519973423090338
10.6,-16.1194987430948,-0.587798220221271
10.63,-14.0140997330856,-0.67833504684318
10.66,-12.2467291823805,-0.795127204524326
10.69,-10.7291740923752,-0.941697489851286
10.72,-9.40796424169852,-1.12138184929199
10.75,-8.24844493116789,-1.33714294226074
10.78,-7.22680306508405,-1.59138196662294
10.81,-6.32569594917824,-1.8857719804895
10.84,-5.5316990738837,-2.22113661811209
10.87,-4.83376502244601,-2.59739331977147
10.9,-4.22229284484737,-3.01357047720085
10.93,-3.68858795628324,-3.46789558948975
10.96,-3.22457694428182,-3.95794002726671
10.99,-2.82268446032788,-4.48079838103757
11.02,-2.47580501453375,-5.03327816394455
11.05,-2.17732136220504,-5.61207848347715
11.08,-1.92113684140731,-6.21394242007783
11.11,-1.70170206249672,-6.83577503272567
11.14,-1.51402646314208,-7.47472532870222
11.17,-1.35367227185487,-8.12823517281892
11.2,-1.21673264400042,-8.79406074555164
11.23,-1.09979774352767,-9.47027309032259
11.26,-0.999913043236819,-10.155244040301
11.29,-0.914533738793668,-10.8476229062173
11.32,-0.841478393726286,-11.546308145459
11.35,-0.77888406325286,-12.2504170824569
11.38,-0.725164353862089,-12.9592557505077
11.41,-0.678971235644402,-13.672290127414
11.44,-0.639160949045293,-14.3891194407438
11.47,-0.604764020251856,-15.1094517960827
11.5,-0.574959191262227,-15.8330820974554
11.53,-0.549050951840404,-16.5598720478649
11.56,-0.526450304633324,-17.2897319095037
11.59,-0.506658380619546,-18.0226036439467
11.62,-0.489252534002577,-18.7584450251885
11.65,-0.473874572443861,-19.4972143108098
11.68,-0.460220812560973,-20.2388550614489
11.71,-0.448033686971416,-20.9832807123646
11.74,-0.437094664839408,-21.7303585225566
11.77,-0.427218281176034,-22.4798925586865
11.8,-0.418247100214613,-23.2316054174576
11.83,-0.410047464737816,-23.9851184581175
11.86,-0.402505906311921,-24.7399304154549
11.89,-0.395526111199853,-25.4953944039182
11.92,-0.389026353603116,-26.2506935165978
11.95,-0.382937322155243,-27.0048154783522
11.98,-0.377200277611813,-27.7565271341184
12.01,-0.371765489766682,-28.5043499334447
12.04,-0.366590910068952,-29.2465379824576
12.07,-0.361641043470782,-29.9810606171533
12.1,-0.356885988929753,-30.7055917116834
12.13,-0.352300622908311,-31.4175079376425
12.16,-0.347863904318778,-32.1138977751616
12.19,-0.343558282792596,-32.7915820963402
12.22,-0.339369195018256,-33.4471455304925
12.25,-0.335284636292409,-34.0769756906699
12.28,-0.3312947964378,-34.6773050787707
12.31,-0.327391750929188,-35.244248803659
12.34,-0.323569199487753,-35.7738311159524
12.37,-0.319822245599687,-36.2619961900323
12.4,-0.316147211425521,-36.704604208024
12.43,-0.312541483423171,-37.0974223977879
12.46,-0.309003384735052,-37.4361307042528
12.49,-0.30553207101191,-37.716370153731
12.52,-0.302127446878062,-37.9338643726486
12.55,-0.298790100702301,-38.0846366471495
12.58,-0.295521255737189,-38.1653238171076
12.61,-0.292322736037397,-38.173556422672
12.64,-0.289196945875165,-38.1083408589992
12.67,-0.286146861644598,-37.9703582006425
12.7,-0.283176035493706,-37.7620992187538
12.73,-0.280288610149747,-37.4877895059096
12.76,-0.277489344614264,-37.1531114639966
12.79,-0.274783650604604,-36.7647800408255
12.82,-0.27217763981246,-36.3300572257832
12.85,-0.269678182241769,-35.856289416053
12.88,-0.267292976081781,-35.3505285797104
12.91,-0.265030629770038,-34.8192663944229
12.94,-0.262900757109803,-34.2682825106773
12.97,-0.260914086529556,-33.7025900560491
13,-0.259082585814319,-33.1264539091545
