0.1,-39.2164872990117,-0.0090402587139855
0.11975,-37.6327202285932,-0.010177364638807
0.1395,-36.2856072311862,-0.0114796735056341
0.15925,-35.1118131230793,-0.0129322329716354
0.179,-34.0703703485096,-0.0145204277720439
0.19875,-33.1332588336349,-0.0162305208885634
0.2185,-32.2804685548311,-0.0180500528652172
0.23825,-31.4972074589263,-0.0199681022216644
0.258,-30.7722263714837,-0.0219754224897103
0.27775,-30.0967652592896,-0.0240644783396047
0.2975,-29.4638640558825,-0.0262294054661784
0.31725,-28.8678969512685,-0.0284659177350377
0.337,-28.3042487558525,-0.0307711819244793
0.35675,-27.7690844400006,-0.0331436763739588
0.3765,-27.2591814403969,-0.0355830457608492
0.39625,-26.7718052552684,-0.0380899605490548
0.416,-26.3046155278125,-0.0406659866070259
0.43575,-25.8555940131192,-0.0433134681292136
0.4555,-25.4229885265247,-0.0460354252629137
0.47525,-25.005268750436,-0.0488354666437408
0.495,-24.601090970832,-0.0517177162658174
0.51475,-24.2092696303969,-0.0546867536517377
0.5345,-23.8287541515695,-0.0577475660530825
0.55425,-23.4586098818578,-0.0609055113323876
0.574,-23.098002298951,-0.0641662901980121
0.59375,-22.7461838196481,-0.0675359265446922
0.6135,-22.4024827080169,-0.0710207547664457
0.63325,-22.0662936905193,-0.0746274130367622
0.653,-21.737069970119,-0.0783628416809324
0.67275,-21.4143163953061,-0.0822342858900445
0.6925,-21.0975835889491,-0.086249302141001
0.71225,-20.7864628797723,-0.0904157677902311
0.732,-20.4805819088357,-0.0947418933998563
0.75175,-20.1796008066881,-0.0992362374342964
0.7715,-19.8832088553532,-0.103907723033253
0.79125,-19.5911215641029,-0.10876565662513
0.811,-19.3030780998837,-0.113819748193889
0.83075,-19.0188390229313,-0.119080133053538
0.8505,-18.7381842859886,-0.124557395018938
0.87025,-18.4609114620222,-0.130262590890129
0.89,-18.1868341706681,-0.136207276191086
0.90975,-17.9157806780714,-0.142403532123257
0.9295,-17.6475926484765,-0.148863993710054
0.94925,-17.3821240290136,-0.155601879121351
0.969,-17.1192400517245,-0.16263102017731
0.98875,-16.8588163390624,-0.169965894038913
1.0085,-16.6007381009557,-0.177621656098763
1.02825,-16.3448994130995,-0.185614174090353
1.048,-16.0912025674848,-0.193960063437069
1.06775,-15.8395574873204,-0.202676723864073
1.0875,-15.589881199487,-0.211782377296977
1.10725,-15.3420973585087,-0.221296107070811
1.127,-15.0961358167535,-0.231237898471484
1.14675,-14.8519322362039,-0.241628680629608
1.1665,-14.609427737679,-0.252490369783318
1.18625,-14.3685685838639,-0.26384591392248
1.206,-14.129305892905,-0.275719338821599
1.22575,-13.8915953796875,-0.288135795462529
1.2455,-13.6553971222171,-0.301121608840978
1.26525,-13.4206753507968,-0.314704328142625
1.285,-13.1873982579185,-0.328912778265304
1.30475,-12.9555378269973,-0.343777112653349
1.3245,-12.7250696782433,-0.359328867398444
1.34425,-12.4959729301261,-0.375601016548521
1.364,-12.2682300750108,-0.39262802855198
1.38375,-12.0418268676615,-0.410445923749021
1.4035,-11.8167522254039,-0.429092332804913
1.42325,-11.5929981388188,-0.448606555961788
1.443,-11.3705595919105,-0.469029622965808
1.46275,-11.1494344907495,-0.49040435350545
1.4825,-10.9296235996361,-0.512775417974282
1.50225,-10.7111304838715,-0.53618939834785
1.522,-10.4939614582507,-0.560694848939392
1.54175,-10.2781255404141,-0.58634235677321
1.5615,-10.0636344082123,-0.613184601287716
1.58125,-9.85050236024527,-0.641276413052752
1.601,-9.63874627874532,-0.670674831158139
1.62075,-9.42838559397229,-0.701439158902626
1.6405,-9.21944224928668,-0.733631017385319
1.66025,-9.01194066606242,-0.767314396575406
1.68,-8.80590770759272,-0.802555703411371
1.69975,-8.60137264113568,-0.83942380645861
1.7195,-8.39836709723797,-0.877990076635007
1.73925,-8.19692502546887,-0.918328423498692
1.759,-7.99708264569222,-0.96051532658178
1.77875,-7.79887839400326,-1.0046298612494
1.7985,-7.60235286246059,-1.05075371856589
1.81825,-7.40754873175305,-1.09897121866121
1.838,-7.21451069595773,-1.14936931711113
1.85775,-7.02328537857015,-1.20203760387643
1.8775,-6.83392123902216,-1.25706829439084
1.89725,-6.64646846894884,-1.31455621244464
1.917,-6.46097887752321,-1.37459876458484
1.93675,-6.27750576524872,-1.43729590584152
1.9565,-6.09610378568492,-1.50275009669789
1.97625,-5.91682879468208,-1.57106625134719
1.996,-5.73973768681684,-1.64235167742505
2.01575,-5.56488821885249,-1.71671600757203
2.0355,-5.39233882019582,-1.79427112336696
2.05525,-5.22214839048478,-1.87513107237858
2.075,-5.05437608461902,-1.95941197931004
2.09475,-4.88908108573481,-2.04723195245677
2.1145,-4.72632236682693,-2.1387109869629
2.13425,-4.56615844192914,-2.23397086664228
2.154,-4.40864710797875,-2.33313506642556
2.17375,-4.25384517870677,-2.43632865780259
2.1935,-4.10180821210803,-2.54367821994674
2.21325,-3.95259023325169,-2.65531175953152
2.233,-3.80624345438689,-2.77135864257815
2.25275,-3.66281799447514,-2.89194954200162
2.2725,-3.52236160043621,-3.01721640485086
2.29225,-3.38491937252215,-3.14729244356361
2.312,-3.25053349633009,-3.28231215587718
2.33175,-3.11924298402398,-3.42241137835304
2.3515,-2.99108342735543,-3.56772737878762
2.37125,-2.86608676505023,-3.71839899309597
2.391,-2.74428106705948,-3.87456681257584
2.41075,-2.62569033805999,-4.03637342779375
2.4305,-2.51033434242963,-4.20396373569291
2.45025,-2.39822845271996,-4.37748531691913
2.47,-2.28938352340433,-4.55708889081229
2.48975,-2.18380579139832,-4.74292885603995
2.5095,-2.08149680453656,-4.93516392548186
2.52925,-1.98245337885116,-5.13395786474224
2.549,-1.88666758514001,-5.33948034460878
2.56875,-1.79412676494496,-5.55190791893961
2.5885,-1.70481357568922,-5.77142514089627
2.60825,-1.61870606435696,-5.99822583221954
2.628,-1.53577776874593,-6.23251452244293
2.64775,-1.45599784499128,-6.47450807765474
2.6675,-1.37933121975412,-6.72443754176913
2.68725,-1.30573876519691,-6.98255021739679
2.707,-1.23517749463425,-7.24911201849472
2.72675,-1.16760077655624,-7.5244101332502
2.7465,-1.10295856457485,-7.80875604340006
2.76625,-1.04119764074146,-8.10248895576803
2.786,-0.982261869628464,-8.40597971368732
2.80575,-0.926092460555637,-8.71963527076838
2.8255,-0.872628235372376,-9.04390382796429
2.84525,-0.821805899276052,-9.37928075811668
2.865,-0.773560312250777,-9.72631547151238
2.88475,-0.727824758845397,-10.0856194132851
2.9045,-0.6845312141694,-10.4578754312354
2.92425,-0.643610604166052,-10.8438488141798
2.944,-0.604993058417759,-11.2444003808929
2.96375,-0.568608153944681,-11.6605021044363
2.9835,-0.534385148669261,-12.0932558950917
3.00325,-0.502253203432042,-12.5439163497681
3.023,-0.472141591653851,-13.0139185245193
3.04275,-0.443979895942927,-13.5049121254569
3.0625,-0.417698191139688,-14.018803979376
3.08225,-0.393227213474168,-14.5578112941004
3.102,-0.370498515679879,-15.1245291321564
3.12175,-0.349444608061747,-15.7220168236492
3.1415,-0.329999085653571,-16.3539099227629
3.16125,-0.31209674172225,-17.0245670530435
3.181,-0.295673667981232,-17.7392650240465
3.20075,-0.280667341965034,-18.5044615852509
3.2205,-0.267016702090392,-19.3281540339162
3.24025,-0.254662210988828,-20.2203747383356
3.26,-0.243545907740611,-21.1938821570165
3.27975,-0.233611449673069,-22.265125418785
3.2995,-0.224804144407169,-23.4555642364874
3.31925,-0.217070972847452,-24.7933358035798
3.339,-0.210360603812142,-26.3147569726653
3.35875,-0.204623400994278,-28.0629171565507
3.3785,-0.199811422932,-30.0711440454292
3.39825,-0.195878416647707,-32.2814697586467
3.418,-0.192779805592846,-34.2562322396898
3.43775,-0.190472672508403,-34.865181555283
3.4575,-0.188915737781725,-33.6153805068505
3.47725,-0.188069333848787,-31.5938105702175
3.497,-0.187895376158119,-29.6208684158657
3.51675,-0.188357331178994,-27.8995670211946
3.5365,-0.189420181902624,-26.4260790401916
3.55625,-0.19105039125136,-25.1582111229173
3.576,-0.193215863777776,-24.0553517280701
3.59575,-0.195885906003313,-23.0850750508657
3.6155,-0.199031185714883,-22.2225304540035
3.63525,-0.202623690508009,-21.4487277181329
3.655,-0.206636685836628,-20.7490173842601
3.67475,-0.211044672802774,-20.1119465586826
3.6945,-0.215823345894086,-19.5284338814213
3.71425,-0.220949550853376,-18.9911791327219
3.734,-0.226401242842654,-18.494238315487
3.75375,-0.232157445043631,-18.0327144379241
3.7735,-0.238198207818175,-17.6025295500295
3.79325,-0.244504568535218,-17.2002544114018
3.813,-0.251058512155498,-16.8229795360455
3.83275,-0.257842932651692,-16.4682163296143
3.8525,-0.264841595329827,-16.1338203952969
3.87225,-0.272039100107475,-15.8179313755751
3.892,-0.279420845795923,-15.5189252755355
3.91175,-0.286972995427004,-15.235376313706
3.9315,-0.294682442660745,-14.9660261226249
3.95125,-0.30253677930796,-14.7097586755218
3.971,-0.310524264002271,-14.4655797157179
3.99075,-0.318633792059619,-14.2325997576315
4.0105,-0.326854866570311,-14.0100199439844
4.03025,-0.335177570779778,-13.7971202046253
4.05,-0.343592541830331,-13.5932492834233
4.06975,-0.352090945957674,-13.3978162916168
4.0895,-0.360664455263664,-13.2102835164185
4.10925,-0.369305226221047,-13.0301602680613
4.129,-0.378005880105913,-12.8569975907859
4.14875,-0.386759485598093,-12.6903836964417
4.1685,-0.395559543833874,-12.5299400055571
4.18825,-0.404399976231899,-12.3753177015289
4.208,-0.413275115427596,-12.2261947202118
4.22775,-0.422179699622372,-12.0822731105572
4.2475,-0.431108870548189,-11.9432767127587
4.26725,-0.44005817502097,-11.8089491091539
4.287,-0.449023569651522,-11.679051810312
4.30675,-0.458001427641264,-11.5533626446316
4.3265,-0.466988545668582,-11.4316743246393
4.34625,-0.475982147679574,-11.313793167208
4.366,-0.484979881050033,-11.1995379482671
4.38575,-0.493979799371726,-11.0887388753789
4.4055,-0.502980325542195,-10.9812366639047
4.42525,-0.511980189598886,-10.8768817044609
4.445,-0.520978338542966,-10.7755333110388
4.46475,-0.529973820597244,-10.6770590405765
4.4845,-0.538965653442862,-10.5813340759765
4.50425,-0.547952693297073,-10.4882406655922
4.524,-0.556933526531737,-10.3976676130841
4.54375,-0.565906405143591,-10.3095098123054
4.5635,-0.574869240476217,-10.223667822522
4.58325,-0.583819657489492,-10.1400474798391
4.603,-0.592755098406525,-10.0585595411879
4.62275,-0.601672954412361,-9.97911935764885
4.6425,-0.61057070046776,-9.90164657425674
4.66225,-0.619446011597231,-9.82606485374864
4.682,-0.628296846940174,-9.75230162199921
4.70175,-0.637121497022184,-9.68028783313
4.7215,-0.645918597255014,-9.60995775249545
4.74125,-0.654687115194554,-9.54124875593695
4.761,-0.66342632057589,-9.47410114386318
4.78075,-0.672135746442088,-9.40845796886188
4.8005,-0.680815147839816,-9.34426487567852
4.82025,-0.689464462427794,-9.28146995251277
4.84,-0.698083775456341,-9.2200235926863
4.85975,-0.706673290149276,-9.15987836582648
4.8795,-0.715233303573788,-9.10098889779187
4.89925,-0.723764187539718,-9.04331175863824
4.919,-0.732266373816259,-8.98680535798825
4.93875,-0.74074034288835,-8.93142984722658
4.9585,-0.749186615516477,-8.8771470279939
4.97825,-0.757605746457143,-8.82392026650022
4.998,-0.765998319811465,-8.77171441322018
5.01775,-0.774364945577247,-8.72049572757071
5.0375,-0.782706257075296,-8.67023180720572
5.05725,-0.791022909000724,-8.62089152159344
5.077,-0.79931557591414,-8.57244494956986
5.09675,-0.807584951037587,-8.52486332058714
5.1165,-0.815831745258444,-8.47811895939876
5.13625,-0.824056686272909,-8.43218523394394
5.156,-0.832260517821823,-8.38703650621292
5.17575,-0.840443998986849,-8.34264808589171
5.1955,-0.848607903525971,-8.2989961866009
5.21525,-0.856753019234927,-8.25605788455704
5.235,-0.864880147326628,-8.2138110794986
5.25475,-0.872990101824169,-8.17223445772994
5.2745,-0.881083708965472,-8.13130745714817
5.29425,-0.889161806619141,-8.09101023412731
5.314,-0.897225243712043,-8.05132363214366
5.33375,-0.905274879669636,-8.0122291520344
5.3535,-0.913311583870286,-7.97370892378946
5.37325,-0.921336235114909,-7.93574567978349
5.393,-0.929349721113182,-7.89832272936147
5.41275,-0.93735293798742,-7.86142393469757
5.4325,-0.945346789795099,-7.82503368785205
5.45225,-0.953332188070742,-7.78913688895656
5.472,-0.961310051387818,-7.75371892546256
5.49175,-0.969281304941003,-7.71876565239209
5.5115,-0.97724688014906,-7.68426337353412
5.53125,-0.985207714278483,-7.65019882353331
5.551,-0.993164750087806,-7.61655915082178
5.57075,-1.0011189354925,-7.58333190134718
5.5905,-1.0090712232502,-7.55050500305384
5.61025,-1.01702257066592,-7.51806675107609
5.63,-1.02497393931696,-7.48600579360575
5.64975,-1.03292629479696,-7.45431111839771
5.6695,-1.04088060647875,-7.42297203988041
5.68925,-1.04883784729535,-7.39197818683919
5.709,-1.05679899353875,-7.36131949064328
5.72875,-1.06476502467579,-7.33098617398819
5.7485,-1.0727369231806,-7.30096874012762
5.76825,-1.08071567438314,-7.27125796256996
5.788,-1.08870226633314,-7.24184487521622
5.80775,-1.09669768967898,-7.21272076291761
5.8275,-1.10470293756089,-7.18387715243198
5.84725,-1.11271900551796,-7.15530580375971
5.867,-1.12074689140839,-7.12699870184079
5.88675,-1.12878759534252,-7.0989480485956
5.9065,-1.13684211962804,-7.07114625529316
5.92625,-1.14491146872697,-7.04358593523129
5.946,-1.15299664922386,-7.01625989671414
5.96575,-1.16109866980483,-6.98916113631312
5.9855,-1.16921854124687,-6.96228283239844
6.00525,-1.17735727641711,-6.93561833892845
6.025,-1.1855158902816,-6.9091611794855
6.04475,-1.19369539992311,-6.8829050415468
6.0645,-1.20189682456769,-6.85684377098013
6.08425,-1.21012118561962,-6.83097136675404
6.104,-1.2183695067043,-6.8052819758534
6.12375,-1.22664281371878,-6.77976988839107
6.1435,-1.23494213488974,-6.75442953290728
6.16325,-1.24326850083842,-6.7292554718485
6.183,-1.25162294465231,-6.70424239721835
6.20275,-1.2600065019634,-6.67938512639281
6.2225,-1.26842021103252,-6.65467859809316
6.24225,-1.27686511283976,-6.63011786850989
6.262,-1.28534225118054,-6.60569810757114
6.28175,-1.29385267276722,-6.58141459534993
6.3015,-1.302397427336,-6.55726271860419
6.32125,-1.31097756775893,-6.53323796744446
6.341,-1.31959415016076,-6.50933593212376
6.36075,-1.32824823404059,-6.48555229994495
6.3805,-1.33694088239806,-6.46188285228061
6.40025,-1.34567316186385,-6.43832346170135
6.42,-1.35444614283456,-6.4148700892077
6.43975,-1.36326089961157,-6.39151878156205
6.4595,-1.37211851054398,-6.36826566871633
6.47925,-1.38102005817526,-6.34510696133194
6.499,-1.3899666293938,-6.32203894838824
6.51875,-1.39895931558696,-6.2990579948763
6.5385,-1.40799921279862,-6.27616053957452
6.55825,-1.41708742189032,-6.25334309290315
6.578,-1.4262250487055,-6.23060223485473
6.59775,-1.43541320423724,-6.20793461299747
6.6175,-1.44465300479899,-6.185336940549
6.63725,-1.45394557219853,-6.16280599451789
6.657,-1.46329203391492,-6.14033861391034
6.67675,-1.47269352327844,-6.11793169799974
6.6965,-1.48215117965354,-6.09558220465687
6.71625,-1.4916661486246,-6.07328714873838
6.736,-1.50123958218454,-6.05104360053177
6.75575,-1.51087263892632,-6.02884868425451
6.7755,-1.52056648423711,-6.00669957660566
6.79525,-1.53032229049529,-5.98459350536809
6.815,-1.54014123727014,-5.96252774805936
6.83475,-1.55002451152416,-5.94049963062998
6.8545,-1.55997330781826,-5.91850652620698
6.87425,-1.56998882851935,-5.89654585388158
6.894,-1.58007228401085,-5.87461507753932
6.91375,-1.59022489290563,-5.85271170473131
6.9335,-1.60044788226178,-5.83083328558519
6.95325,-1.61074248780086,-5.80897741175449
6.973,-1.62110995412892,-5.78714171540531
6.99275,-1.63155153496012,-5.76532386823879
7.0125,-1.64206849334298,-5.74352158054861
7.03225,-1.65266210188937,-5.72173260031221
7.052,-1.66333364300612,-5.69995471231457
7.07175,-1.6740844091294,-5.67818573730398
7.0915,-1.68491570296173,-5.65642353117828
7.11125,-1.69582883771177,-5.63466598420107
7.131,-1.70682513733695,-5.61291102024689
7.15075,-1.71790593678874,-5.59115659607438
7.1705,-1.72907258226085,-5.56940070062689
7.19025,-1.74032643144024,-5.54764135435951
7.21,-1.75166885376103,-5.52587660859194
7.22975,-1.76310123066125,-5.50410454488645
7.2495,-1.77462495584268,-5.48232327445031
7.26925,-1.78624143553353,-5.46053093756184
7.289,-1.7979520887543,-5.43872570301991
7.30875,-1.80975834758651,-5.41690576761574
7.3285,-1.82166165744481,-5.3950693556269
7.34825,-1.83366347735205,-5.37321471833283
7.368,-1.84576528021765,-5.35134013355124
7.38775,-1.8579685531192,-5.3294439051952
7.4075,-1.87027479758743,-5.30752436285015
7.42725,-1.88268552989453,-5.28557986137075
7.447,-1.89520228134585,-5.26360878049672
7.46675,-1.90782659857518,-5.24160952448777
7.4865,-1.92056004384349,-5.21958052177689
7.50625,-1.93340419534132,-5.19752022464191
7.526,-1.94636064749491,-5.1754271088947
7.54575,-1.9594310112759,-5.15329967358817
7.5655,-1.97261691451504,-5.13113644074025
7.58525,-1.98592000221963,-5.10893595507505
7.605,-1.99934193689502,-5.08669678378068
7.62475,-2.01288439887003,-5.06441751628359
7.6445,-2.02654908662655,-5.04209676403924
7.66425,-2.04033771713333,-5.01973316033887
7.684,-2.05425202618397,-4.99732536013213
7.70375,-2.06829376873927,-4.9748720398657
7.7235,-2.08246471927409,-4.95237189733727
7.74325,-2.09676667212863,-4.92982365156518
7.763,-2.11120144186434,-4.90722604267354
7.78275,-2.12577086362457,-4.88457783179238
7.8025,-2.14047679350001,-4.86187780097325
7.82225,-2.15532110889895,-4.83912475311987
7.842,-2.17030570892263,-4.81631751193385
7.86175,-2.18543251474562,-4.79345492187554
7.8815,-2.20070347000145,-4.77053584813977
7.90125,-2.21612054117347,-4.74755917664672
7.921,-2.23168571799123,-4.72452381404782
7.94075,-2.24740101383233,-4.7014286877465
7.9605,-2.26326846612992,-4.67827274593418
7.98025,-2.27929013678602,-4.65505495764129
8,-2.29546811259068,-4.63177431280341
